{
  "sequence": "factorial_type",
  "eval_point": 1.5,
  "truth_value": 1.329340388179137,
  "chebyshev_degrees": [
    4,
    6,
    8,
    10,
    12,
    16,
    20,
    24
  ],
  "max_constraint_order": 6,
  "autotune_metadata": {
    "degree": 12,
    "constraint_order": 5,
    "regularization": 1e-06,
    "max_abs_error": 0.0002707096003513598,
    "mean_abs_error": 0.0002255913336262072,
    "schur_condition_number": 6976672.066210209,
    "elapsed_ms": 0.6193749999994225
  }
}